"row_id","quantity","n","denominator_n","percent","ci_high","ci_low"
"eligible_empirical","Screened articles satisfying the eligibility criteria",345,367,94,96,91.1
"testing_interactions","Eligible empirical articles testing at least one interaction",208,345,60.3,65.3,55
"observed_outcome_interactions","Interaction-testing articles with at least one observed-outcome interaction (coded sample)",200,208,96.2,98,92.6
"latent_only_interactions","Interaction-testing articles with interactions on latent outcomes only",8,208,3.8,7.4,2
"non_identity_link","Coded articles using at least one non-identity link",58,200,29,35.6,23.2
"explicit_link","Coded articles with clearly identifiable link function",46,200,23,29.3,17.7
"incorrect_identity","Coded articles with Gaussian-identity analyses on constrained observed outcomes",144,200,72,77.8,65.4
"significant_incorrect_identity","Gaussian-identity cases with at least one significant interaction",124,144,86.1,90.8,79.5
"eligible_not_testing_interactions","Eligible empirical articles not testing interactions",137,345,39.7,45,34.7
