"scenario","model","n_successful_fits","n_rejections","rejection_rate","ci_low","ci_high","median_interaction_coef","median_change_in_group_difference_response_scale","median_change_in_group_difference_outcome_units","rate_type","change_in_group_difference_units"
"Lower range","Gaussian-probit bounded score",300,30,0.1,0.0709479145950153,0.139166462384621,-0.0151712372886879,-0.0674863179145277,-1.82213058369225,"Pseudo-interaction detection rate","sum-score units on the 0-27 scale"
"Lower range","Latent generating scale",300,16,0.0533333333333333,0.0330919125190965,0.0848691417748313,0.00914856716927303,0.000677671642168375,0.0182971343385461,"Nominal rejection rate","latent theta units"
"Lower range","Observed sum-score identity",300,211,0.703333333333333,0.649336582239865,0.752188609462153,-0.891754136273957,-0.066055861946219,-1.78350827254791,"Pseudo-interaction detection rate","sum-score units on the 0-27 scale"
"Middle range","Gaussian-probit bounded score",300,10,0.0333333333333333,0.0182049473388548,0.0602618258040548,-0.00167613983316258,-0.0212462170380843,-0.573647860028276,"Pseudo-interaction detection rate","sum-score units on the 0-27 scale"
"Middle range","Latent generating scale",300,18,0.06,0.0382863695246921,0.0928394451529084,0.00550158970994657,0.000407525163699746,0.0110031794198931,"Nominal rejection rate","latent theta units"
"Middle range","Observed sum-score identity",300,25,0.0833333333333333,0.0570808740563943,0.120121601964061,-0.282732940936213,-0.0209431808100899,-0.565465881872426,"Pseudo-interaction detection rate","sum-score units on the 0-27 scale"
"Upper range","Gaussian-probit bounded score",300,15,0.05,0.0305316406293473,0.0808470334727441,0.00800323790305501,0.0523253423995496,1.41278424478784,"Pseudo-interaction detection rate","sum-score units on the 0-27 scale"
"Upper range","Latent generating scale",300,16,0.0533333333333333,0.0330919125190965,0.0848691417748313,0.00158822768594494,0.000117646495255183,0.00317645537188993,"Nominal rejection rate","latent theta units"
"Upper range","Observed sum-score identity",300,112,0.373333333333333,0.320524685595549,0.429344867114669,0.663750197909833,0.0491666813266543,1.32750039581967,"Pseudo-interaction detection rate","sum-score units on the 0-27 scale"
